schema_version,provider,provider_detail,operation,m,n,activation_dtype,weight_dtype,weight_mode,eps,correctness_passed,cold_compile_ms,cold_compile_reused,median_us,p10_us,p90_us,logical_bytes,logical_gbps,copy_roofline_gbps,copy_roofline_pct,rotation_buffers,rotation_working_set_bytes,l2_target_bytes,l2_eviction_between_calls,timed_samples
1,quack,quack.rmsnorm.rmsnorm_fwd (CuTe),fwd,1,4096,float16,float16,same,1e-06,True,407.834951,False,6.144,5.952,6.2176,24576,4.0,2974.420002,0.13448,4,98304,157286400,True,48
1,torch,torch.nn.functional.rms_norm,fwd,1,4096,float16,float16,same,1e-06,True,,False,11.744,11.36,12.224,24576,2.092643,2974.420002,0.070355,4,98304,157286400,True,48
1,quack,quack.rmsnorm.rmsnorm_bwd (CuTe),bwd,1,4096,float16,float16,same,1e-06,True,490.493889,False,18.304,17.759999,18.7936,40964,2.237981,2974.420002,0.075241,4,163856,157286400,True,48
1,torch,torch.nn.functional.rms_norm autograd,bwd,1,4096,float16,float16,same,1e-06,True,,False,12.992,12.128,13.568,40964,3.153017,2974.420002,0.106004,4,163856,157286400,True,48
1,quack,quack.rmsnorm.rmsnorm_fwd (CuTe),fwd,1,4096,float16,float32,float32,1e-06,True,261.587222,False,5.904,5.4944,6.144,32768,5.550135,2974.420002,0.186596,4,131072,157286400,True,48
1,torch,torch.nn.functional.rms_norm,fwd,1,4096,float16,float32,float32,1e-06,True,,False,26.384,25.782401,27.0176,32768,1.241965,2974.420002,0.041755,4,131072,157286400,True,48
1,quack,quack.rmsnorm.rmsnorm_bwd (CuTe),bwd,1,4096,float16,float32,float32,1e-06,True,460.011681,False,15.376,14.784,16.1376,57348,3.729709,2974.420002,0.125393,4,229392,157286400,True,48
1,torch,torch.nn.functional.rms_norm autograd,bwd,1,4096,float16,float32,float32,1e-06,True,,False,51.952001,49.7568,62.691201,57348,1.103865,2974.420002,0.037112,4,229392,157286400,True,48
1,quack,quack.rmsnorm.rmsnorm_fwd (CuTe),fwd,1,4096,bfloat16,bfloat16,same,1e-06,True,1.475243,False,6.112,5.7184,6.1952,24576,4.020942,2974.420002,0.135184,4,98304,157286400,True,48
1,torch,torch.nn.functional.rms_norm,fwd,1,4096,bfloat16,bfloat16,same,1e-06,True,,False,11.968,11.584,12.224,24576,2.053476,2974.420002,0.069038,4,98304,157286400,True,48
1,quack,quack.rmsnorm.rmsnorm_bwd (CuTe),bwd,1,4096,bfloat16,bfloat16,same,1e-06,True,441.902162,False,19.28,18.975999,19.6992,40964,2.124689,2974.420002,0.071432,4,163856,157286400,True,48
1,torch,torch.nn.functional.rms_norm autograd,bwd,1,4096,bfloat16,bfloat16,same,1e-06,True,,False,13.232,12.096,13.5872,40964,3.095828,2974.420002,0.104082,4,163856,157286400,True,48
1,quack,quack.rmsnorm.rmsnorm_fwd (CuTe),fwd,1,4096,bfloat16,float32,float32,1e-06,True,1.46656,False,6.112,5.888,6.2784,32768,5.361257,2974.420002,0.180245,4,131072,157286400,True,48
1,torch,torch.nn.functional.rms_norm,fwd,1,4096,bfloat16,float32,float32,1e-06,True,,False,26.384,25.846399,27.219201,32768,1.241965,2974.420002,0.041755,4,131072,157286400,True,48
1,quack,quack.rmsnorm.rmsnorm_bwd (CuTe),bwd,1,4096,bfloat16,float32,float32,1e-06,True,443.483953,False,15.392,15.008,16.1056,57348,3.725832,2974.420002,0.125262,4,229392,157286400,True,48
1,torch,torch.nn.functional.rms_norm autograd,bwd,1,4096,bfloat16,float32,float32,1e-06,True,,False,51.856,50.4512,55.334401,57348,1.105909,2974.420002,0.037181,4,229392,157286400,True,48
1,quack,quack.rmsnorm.rmsnorm_fwd (CuTe),fwd,1,4096,float32,float32,same,1e-06,True,250.094258,False,6.128,5.728,6.368,49152,8.020888,2974.420002,0.269662,4,196608,157286400,True,48
1,torch,torch.nn.functional.rms_norm,fwd,1,4096,float32,float32,same,1e-06,True,,False,10.272,10.048,10.528,49152,4.785047,2974.420002,0.160873,4,196608,157286400,True,48
1,quack,quack.rmsnorm.rmsnorm_bwd (CuTe),bwd,1,4096,float32,float32,same,1e-06,True,433.223032,False,15.728001,15.0848,16.4256,81924,5.208799,2974.420002,0.17512,4,327696,157286400,True,48
1,torch,torch.nn.functional.rms_norm autograd,bwd,1,4096,float32,float32,same,1e-06,True,,False,13.136,11.9808,13.7056,81924,6.236602,2974.420002,0.209675,4,327696,157286400,True,48
1,quack,quack.rmsnorm.rmsnorm_fwd (CuTe),fwd,256,4096,float16,float16,same,1e-06,True,0.21577,False,7.696,7.2992,8.2208,4202496,546.062375,2974.420002,18.358617,4,16809984,157286400,True,48
1,torch,torch.nn.functional.rms_norm,fwd,256,4096,float16,float16,same,1e-06,True,,False,12.336,12.064,12.7456,4202496,340.669264,2974.420002,11.453301,4,16809984,157286400,True,48
1,quack,quack.rmsnorm.rmsnorm_bwd (CuTe),bwd,256,4096,float16,float16,same,1e-06,True,447.535944,False,22.431999,22.175999,22.921599,6308864,281.243944,2974.420002,9.455421,4,25235456,157286400,True,48
1,torch,torch.nn.functional.rms_norm autograd,bwd,256,4096,float16,float16,same,1e-06,True,,False,16.272,15.1264,17.3216,6308864,387.71288,2974.420002,13.034907,4,25235456,157286400,True,48
1,quack,quack.rmsnorm.rmsnorm_fwd (CuTe),fwd,256,4096,float16,float32,float32,1e-06,True,0.152459,False,7.76,7.4464,8.032,4210688,542.614437,2974.420002,18.242697,4,16842752,157286400,True,48
1,torch,torch.nn.functional.rms_norm,fwd,256,4096,float16,float32,float32,1e-06,True,,False,43.312,42.278399,44.7296,4210688,97.217584,2974.420002,3.268455,4,16842752,157286400,True,48
1,quack,quack.rmsnorm.rmsnorm_bwd (CuTe),bwd,256,4096,float16,float32,float32,1e-06,True,453.326086,False,17.664,17.3664,18.656,6325248,358.086949,2974.420002,12.038883,4,25300992,157286400,True,48
1,torch,torch.nn.functional.rms_norm autograd,bwd,256,4096,float16,float32,float32,1e-06,True,,False,81.887998,80.300801,83.2096,6325248,77.242675,2974.420002,2.596899,4,25300992,157286400,True,48
1,quack,quack.rmsnorm.rmsnorm_fwd (CuTe),fwd,256,4096,bfloat16,bfloat16,same,1e-06,True,0.198131,False,7.776,7.5104,8.032,4202496,540.444439,2974.420002,18.169742,4,16809984,157286400,True,48
1,torch,torch.nn.functional.rms_norm,fwd,256,4096,bfloat16,bfloat16,same,1e-06,True,,False,12.256,11.8944,12.6816,4202496,342.892945,2974.420002,11.528061,4,16809984,157286400,True,48
1,quack,quack.rmsnorm.rmsnorm_bwd (CuTe),bwd,256,4096,bfloat16,bfloat16,same,1e-06,True,442.461536,False,21.679999,21.344,21.9936,6308864,290.999271,2974.420002,9.783395,4,25235456,157286400,True,48
1,torch,torch.nn.functional.rms_norm autograd,bwd,256,4096,bfloat16,bfloat16,same,1e-06,True,,False,16.496,15.5968,17.6,6308864,382.448111,2974.420002,12.857905,4,25235456,157286400,True,48
1,quack,quack.rmsnorm.rmsnorm_fwd (CuTe),fwd,256,4096,bfloat16,float32,float32,1e-06,True,0.159522,False,7.584,7.1584,7.968,4210688,555.206751,2974.420002,18.666051,4,16842752,157286400,True,48
1,torch,torch.nn.functional.rms_norm,fwd,256,4096,bfloat16,float32,float32,1e-06,True,,False,43.264002,41.996799,44.892799,4210688,97.32544,2974.420002,3.272081,4,16842752,157286400,True,48
1,quack,quack.rmsnorm.rmsnorm_bwd (CuTe),bwd,256,4096,bfloat16,float32,float32,1e-06,True,433.324191,False,17.6,17.1008,18.495999,6325248,359.389093,2974.420002,12.082661,4,25300992,157286400,True,48
1,torch,torch.nn.functional.rms_norm autograd,bwd,256,4096,bfloat16,float32,float32,1e-06,True,,False,82.448002,80.416001,84.435202,6325248,76.718027,2974.420002,2.57926,4,25300992,157286400,True,48
1,quack,quack.rmsnorm.rmsnorm_fwd (CuTe),fwd,256,4096,float32,float32,same,1e-06,True,0.175054,False,9.056,8.896,9.4592,8404992,928.11307,2974.420002,31.203161,4,33619968,157286400,True,48
1,torch,torch.nn.functional.rms_norm,fwd,256,4096,float32,float32,same,1e-06,True,,False,11.504,11.136,11.9136,8404992,730.614739,2974.420002,24.563267,4,33619968,157286400,True,48
1,quack,quack.rmsnorm.rmsnorm_bwd (CuTe),bwd,256,4096,float32,float32,same,1e-06,True,443.36939,False,20.08,19.6288,21.0528,12616704,628.321907,2974.420002,21.124182,4,50466816,157286400,True,48
1,torch,torch.nn.functional.rms_norm autograd,bwd,256,4096,float32,float32,same,1e-06,True,,False,18.592,17.6544,19.1584,12616704,678.609294,2974.420002,22.814844,4,50466816,157286400,True,48
1,quack,quack.rmsnorm.rmsnorm_fwd (CuTe),fwd,512,4096,float16,float16,same,1e-06,True,0.162506,False,9.024,8.896,9.3184,8396800,930.496475,2974.420002,31.283291,4,33587200,157286400,True,48
1,torch,torch.nn.functional.rms_norm,fwd,512,4096,float16,float16,same,1e-06,True,,False,12.96,12.5568,13.2576,8396800,647.901236,2974.420002,21.782439,4,33587200,157286400,True,48
1,quack,quack.rmsnorm.rmsnorm_bwd (CuTe),bwd,512,4096,float16,float16,same,1e-06,True,441.629853,False,23.984,23.4688,24.5888,12601344,525.406269,2974.420002,17.664159,4,50405376,157286400,True,48
1,torch,torch.nn.functional.rms_norm autograd,bwd,512,4096,float16,float16,same,1e-06,True,,False,19.2,18.2304,19.9008,12601344,656.320001,2974.420002,22.065478,4,50405376,157286400,True,48
1,quack,quack.rmsnorm.rmsnorm_fwd (CuTe),fwd,512,4096,float16,float32,float32,1e-06,True,0.165341,False,8.944,8.5472,9.088,8404992,939.735229,2974.420002,31.593898,4,33619968,157286400,True,48
1,torch,torch.nn.functional.rms_norm,fwd,512,4096,float16,float32,float32,1e-06,True,,False,55.039998,52.8352,56.156799,8404992,152.706982,2974.420002,5.134009,4,33619968,157286400,True,48
1,quack,quack.rmsnorm.rmsnorm_bwd (CuTe),bwd,512,4096,float16,float32,float32,1e-06,True,454.9935,False,20.304,19.616,21.792,12617728,621.440504,2974.420002,20.89283,4,50470912,157286400,True,48
1,torch,torch.nn.functional.rms_norm autograd,bwd,512,4096,float16,float32,float32,1e-06,True,,False,116.047997,114.723202,117.568001,12617728,108.728529,2974.420002,3.655453,4,50470912,157286400,True,48
1,quack,quack.rmsnorm.rmsnorm_fwd (CuTe),fwd,512,4096,bfloat16,bfloat16,same,1e-06,True,0.189736,False,8.96,8.544,9.3408,8396800,937.142832,2974.420002,31.506742,4,33587200,157286400,True,48
1,torch,torch.nn.functional.rms_norm,fwd,512,4096,bfloat16,bfloat16,same,1e-06,True,,False,13.024,12.736,13.4592,8396800,644.717422,2974.420002,21.6754,4,33587200,157286400,True,48
1,quack,quack.rmsnorm.rmsnorm_bwd (CuTe),bwd,512,4096,bfloat16,bfloat16,same,1e-06,True,442.083226,False,24.16,23.564801,24.8192,12601344,521.578817,2974.420002,17.53548,4,50405376,157286400,True,48
1,torch,torch.nn.functional.rms_norm autograd,bwd,512,4096,bfloat16,bfloat16,same,1e-06,True,,False,19.616,17.888,21.449599,12601344,642.401293,2974.420002,21.597531,4,50405376,157286400,True,48
1,quack,quack.rmsnorm.rmsnorm_fwd (CuTe),fwd,512,4096,bfloat16,float32,float32,1e-06,True,0.141524,False,9.008,8.832,9.2256,8404992,933.058648,2974.420002,31.369432,4,33619968,157286400,True,48
1,torch,torch.nn.functional.rms_norm,fwd,512,4096,bfloat16,float32,float32,1e-06,True,,False,55.167999,53.68,56.486401,8404992,152.352671,2974.420002,5.122097,4,33619968,157286400,True,48
1,quack,quack.rmsnorm.rmsnorm_bwd (CuTe),bwd,512,4096,bfloat16,float32,float32,1e-06,True,446.744521,False,20.368,19.638401,21.088,12617728,619.487809,2974.420002,20.82718,4,50470912,157286400,True,48
1,torch,torch.nn.functional.rms_norm autograd,bwd,512,4096,bfloat16,float32,float32,1e-06,True,,False,117.071997,114.364799,119.270399,12617728,107.777507,2974.420002,3.62348,4,50470912,157286400,True,48
1,quack,quack.rmsnorm.rmsnorm_fwd (CuTe),fwd,512,4096,float32,float32,same,1e-06,True,0.272657,False,11.84,11.4912,12.1248,16793600,1418.3784,2974.420002,47.685882,4,67174400,157286400,True,48
1,torch,torch.nn.functional.rms_norm,fwd,512,4096,float32,float32,same,1e-06,True,,False,13.696,13.4112,14.7072,16793600,1226.168226,2974.420002,41.223776,4,67174400,157286400,True,48
1,quack,quack.rmsnorm.rmsnorm_bwd (CuTe),bwd,512,4096,float32,float32,same,1e-06,True,434.711167,False,24.143999,23.5104,25.1456,25200640,1043.764106,2974.420002,35.091349,4,100802560,157286400,True,48
1,torch,torch.nn.functional.rms_norm autograd,bwd,512,4096,float32,float32,same,1e-06,True,,False,24.768,23.744,25.433599,25200640,1017.467681,2974.420002,34.207263,4,100802560,157286400,True,48
1,quack,quack.rmsnorm.rmsnorm_fwd (CuTe),fwd,4096,3000,float16,float16,same,1e-06,True,314.903849,False,36.095999,34.1344,42.0256,49158000,1361.868382,2974.420002,45.786015,4,196632000,157286400,False,48
1,torch,torch.nn.functional.rms_norm,fwd,4096,3000,float16,float16,same,1e-06,True,,False,26.448,25.696,33.139199,49158000,1858.666046,2974.420002,62.488352,4,196632000,157286400,False,48
1,quack,quack.rmsnorm.rmsnorm_bwd (CuTe),bwd,4096,3000,float16,float16,same,1e-06,True,468.409166,False,68.944003,66.112,82.319997,73756384,1069.801293,2974.420002,35.966719,3,221269152,157286400,False,36
1,torch,torch.nn.functional.rms_norm autograd,bwd,4096,3000,float16,float16,same,1e-06,True,,False,63.056003,60.912,87.264001,73756384,1169.696462,2974.420002,39.325195,3,221269152,157286400,False,36
1,quack,quack.rmsnorm.rmsnorm_fwd (CuTe),fwd,4096,3000,float16,float32,float32,1e-06,True,330.972081,False,35.887999,34.031999,42.8768,49164000,1369.928688,2974.420002,46.057002,4,196656000,157286400,False,48
1,torch,torch.nn.functional.rms_norm,fwd,4096,3000,float16,float32,float32,1e-06,True,,False,219.407998,218.486397,226.6976,49164000,224.075697,2974.420002,7.533425,4,196656000,157286400,False,48
1,quack,quack.rmsnorm.rmsnorm_bwd (CuTe),bwd,4096,3000,float16,float32,float32,1e-06,True,434.471277,False,65.072,60.848001,79.472002,73768384,1133.642488,2974.420002,38.11306,3,221305152,157286400,False,36
1,torch,torch.nn.functional.rms_norm autograd,bwd,4096,3000,float16,float32,float32,1e-06,True,,False,543.455988,541.616023,570.591986,73768384,135.739389,2974.420002,4.563558,3,221305152,157286400,False,36
1,quack,quack.rmsnorm.rmsnorm_fwd (CuTe),fwd,4096,3000,bfloat16,bfloat16,same,1e-06,True,307.803758,False,35.472,33.164799,42.947199,49158000,1385.825439,2974.420002,46.591451,4,196632000,157286400,False,48
1,torch,torch.nn.functional.rms_norm,fwd,4096,3000,bfloat16,bfloat16,same,1e-06,True,,False,26.256,25.7504,33.103999,49158000,1872.257792,2974.420002,62.945307,4,196632000,157286400,False,48
1,quack,quack.rmsnorm.rmsnorm_bwd (CuTe),bwd,4096,3000,bfloat16,bfloat16,same,1e-06,True,445.156628,False,70.4,67.216001,82.591999,73756384,1047.675915,2974.420002,35.222864,3,221269152,157286400,False,36
1,torch,torch.nn.functional.rms_norm autograd,bwd,4096,3000,bfloat16,bfloat16,same,1e-06,True,,False,64.112,61.344,87.472003,73756384,1150.430244,2974.420002,38.677465,3,221269152,157286400,False,36
1,quack,quack.rmsnorm.rmsnorm_fwd (CuTe),fwd,4096,3000,bfloat16,float32,float32,1e-06,True,327.94693,False,35.76,33.712001,42.5376,49164000,1374.832201,2974.420002,46.221858,4,196656000,157286400,False,48
1,torch,torch.nn.functional.rms_norm,fwd,4096,3000,bfloat16,float32,float32,1e-06,True,,False,222.592004,221.743999,227.279997,49164000,220.870468,2974.420002,7.425665,4,196656000,157286400,False,48
1,quack,quack.rmsnorm.rmsnorm_bwd (CuTe),bwd,4096,3000,bfloat16,float32,float32,1e-06,True,433.778872,False,62.640002,59.488,78.623999,73768384,1177.656157,2974.420002,39.5928,3,221305152,157286400,False,36
1,torch,torch.nn.functional.rms_norm autograd,bwd,4096,3000,bfloat16,float32,float32,1e-06,True,,False,543.535978,541.408002,566.911995,73768384,135.719413,2974.420002,4.562887,3,221305152,157286400,False,36
1,quack,quack.rmsnorm.rmsnorm_fwd (CuTe),fwd,4096,3000,float32,float32,same,1e-06,True,311.781226,False,51.967999,38.6208,59.759999,98316000,1891.856565,2974.420002,63.604217,2,196632000,157286400,False,24
1,torch,torch.nn.functional.rms_norm,fwd,4096,3000,float32,float32,same,1e-06,True,,False,48.848001,44.4992,53.1168,98316000,2012.692381,2974.420002,67.666718,2,196632000,157286400,False,24
1,quack,quack.rmsnorm.rmsnorm_bwd (CuTe),bwd,4096,3000,float32,float32,same,1e-06,True,421.840585,False,82.367998,63.5936,97.583998,147496384,1790.70013,2974.420002,60.203338,2,294992768,157286400,False,24
1,torch,torch.nn.functional.rms_norm autograd,bwd,4096,3000,float32,float32,same,1e-06,True,,False,131.759997,121.158399,148.784003,147496384,1119.432201,2974.420002,37.63531,2,294992768,157286400,False,24
1,quack,quack.rmsnorm.rmsnorm_fwd (CuTe),fwd,4096,4096,float16,float16,same,1e-06,True,0.148364,False,36.799999,33.232,48.111999,67117056,1823.833095,2974.420002,61.317268,3,201351168,157286400,False,36
1,torch,torch.nn.functional.rms_norm,fwd,4096,4096,float16,float16,same,1e-06,True,,False,32.432001,31.456001,39.311999,67117056,2069.470084,2974.420002,69.575584,3,201351168,157286400,False,36
1,quack,quack.rmsnorm.rmsnorm_bwd (CuTe),bwd,4096,4096,float16,float16,same,1e-06,True,439.160033,False,84.431998,67.4784,88.204801,100696064,1192.629168,2974.420002,40.096192,2,201392128,157286400,False,24
1,torch,torch.nn.functional.rms_norm autograd,bwd,4096,4096,float16,float16,same,1e-06,True,,False,89.504004,76.780801,106.540801,100696064,1125.045361,2974.420002,37.824025,2,201392128,157286400,False,24
1,quack,quack.rmsnorm.rmsnorm_fwd (CuTe),fwd,4096,4096,float16,float32,float32,1e-06,True,0.15064,False,37.247999,34.192,48.752001,67125248,1802.116904,2974.420002,60.58717,3,201375744,157286400,False,36
1,torch,torch.nn.functional.rms_norm,fwd,4096,4096,float16,float32,float32,1e-06,True,,False,292.960003,291.856006,297.711998,67125248,229.127687,2974.420002,7.703273,3,201375744,157286400,False,36
1,quack,quack.rmsnorm.rmsnorm_bwd (CuTe),bwd,4096,4096,float16,float32,float32,1e-06,True,469.968548,False,75.792,60.883201,80.224,100712448,1328.800512,2974.420002,44.674273,2,201424896,157286400,False,24
1,torch,torch.nn.functional.rms_norm autograd,bwd,4096,4096,float16,float32,float32,1e-06,True,,False,718.56001,708.249587,733.67039,100712448,140.158715,2974.420002,4.712136,2,201424896,157286400,False,24
1,quack,quack.rmsnorm.rmsnorm_fwd (CuTe),fwd,4096,4096,bfloat16,bfloat16,same,1e-06,True,0.24136,False,36.336001,34.256,47.424002,67117056,1847.122802,2974.420002,62.100268,3,201351168,157286400,False,36
1,torch,torch.nn.functional.rms_norm,fwd,4096,4096,bfloat16,bfloat16,same,1e-06,True,,False,32.256,31.440001,38.912,67117056,2080.761921,2974.420002,69.955215,3,201351168,157286400,False,36
1,quack,quack.rmsnorm.rmsnorm_bwd (CuTe),bwd,4096,4096,bfloat16,bfloat16,same,1e-06,True,1.590869,False,79.951998,67.011201,87.350399,100696064,1259.456508,2974.420002,42.342928,2,201392128,157286400,False,24
1,torch,torch.nn.functional.rms_norm autograd,bwd,4096,4096,bfloat16,bfloat16,same,1e-06,True,,False,96.864,83.430402,111.103997,100696064,1039.561282,2974.420002,34.95005,2,201392128,157286400,False,24
1,quack,quack.rmsnorm.rmsnorm_fwd (CuTe),fwd,4096,4096,bfloat16,float32,float32,1e-06,True,0.135226,False,36.288001,33.151999,47.408,67125248,1849.791854,2974.420002,62.190002,3,201375744,157286400,False,36
1,torch,torch.nn.functional.rms_norm,fwd,4096,4096,bfloat16,float32,float32,1e-06,True,,False,293.536007,292.127997,297.968,67125248,228.678071,2974.420002,7.688157,3,201375744,157286400,False,36
1,quack,quack.rmsnorm.rmsnorm_bwd (CuTe),bwd,4096,4096,bfloat16,float32,float32,1e-06,True,1.244658,False,77.071998,60.6016,80.547202,100712448,1306.73202,2974.420002,43.93233,2,201424896,157286400,False,24
1,torch,torch.nn.functional.rms_norm autograd,bwd,4096,4096,bfloat16,float32,float32,1e-06,True,,False,717.776,707.996804,732.099187,100712448,140.311807,2974.420002,4.717283,2,201424896,157286400,False,24
1,quack,quack.rmsnorm.rmsnorm_fwd (CuTe),fwd,4096,4096,float32,float32,same,1e-06,True,0.233814,False,59.456002,50.217601,70.070399,134234112,2257.704985,2974.420002,75.904041,2,268468224,157286400,False,24
1,torch,torch.nn.functional.rms_norm,fwd,4096,4096,float32,float32,same,1e-06,True,,False,70.143998,66.278398,74.911999,134234112,1913.693494,2974.420002,64.338375,2,268468224,157286400,False,24
1,quack,quack.rmsnorm.rmsnorm_bwd (CuTe),bwd,4096,4096,float32,float32,same,1e-06,True,437.285449,False,101.151999,84.927998,118.4,201375744,1990.823175,2974.420002,66.931475,2,402751488,157286400,False,24
1,torch,torch.nn.functional.rms_norm autograd,bwd,4096,4096,float32,float32,same,1e-06,True,,False,173.936002,163.052797,189.372799,201375744,1157.757691,2974.420002,38.923813,2,402751488,157286400,False,24
1,quack,quack.rmsnorm.rmsnorm_fwd (CuTe),fwd,32768,1024,float16,float16,same,1e-06,True,230.978017,False,59.632,49.9488,70.931198,134219776,2250.801196,2974.420002,75.671936,2,268439552,157286400,False,24
1,torch,torch.nn.functional.rms_norm,fwd,32768,1024,float16,float16,same,1e-06,True,,False,58.639999,54.620799,62.736001,134219776,2288.87751,2974.420002,76.952062,2,268439552,157286400,False,24
1,quack,quack.rmsnorm.rmsnorm_bwd (CuTe),bwd,32768,1024,float16,float16,same,1e-06,True,366.522944,False,107.264001,87.007999,124.463999,201461760,1878.186141,2974.420002,63.144618,2,402923520,157286400,False,24
1,torch,torch.nn.functional.rms_norm autograd,bwd,32768,1024,float16,float16,same,1e-06,True,,False,205.055997,193.4176,223.151995,201461760,982.471926,2974.420002,33.030706,2,402923520,157286400,False,24
1,quack,quack.rmsnorm.rmsnorm_fwd (CuTe),fwd,32768,1024,float16,float32,float32,1e-06,True,236.517911,False,60.271999,51.059201,71.571201,134221824,2226.935003,2974.420002,74.869554,2,268443648,157286400,False,24
1,torch,torch.nn.functional.rms_norm,fwd,32768,1024,float16,float32,float32,1e-06,True,,False,553.359985,549.686408,557.497597,134221824,242.557878,2974.420002,8.154796,2,268443648,157286400,False,24
1,quack,quack.rmsnorm.rmsnorm_bwd (CuTe),bwd,32768,1024,float16,float32,float32,1e-06,True,371.739341,False,100.832,83.865603,118.012799,201465856,1998.034902,2974.420002,67.173933,2,402931712,157286400,False,24
1,torch,torch.nn.functional.rms_norm autograd,bwd,32768,1024,float16,float32,float32,1e-06,True,,False,1354.095995,1343.852806,1371.42719,201465856,148.782551,2974.420002,5.002069,2,402931712,157286400,False,24
1,quack,quack.rmsnorm.rmsnorm_fwd (CuTe),fwd,32768,1024,bfloat16,bfloat16,same,1e-06,True,235.284931,False,60.816001,49.9264,70.742399,134219776,2206.981279,2974.420002,74.19871,2,268439552,157286400,False,24
1,torch,torch.nn.functional.rms_norm,fwd,32768,1024,bfloat16,bfloat16,same,1e-06,True,,False,58.432,54.655999,62.844802,134219776,2297.025201,2974.420002,77.225987,2,268439552,157286400,False,24
1,quack,quack.rmsnorm.rmsnorm_bwd (CuTe),bwd,32768,1024,bfloat16,bfloat16,same,1e-06,True,369.728295,False,103.584003,86.959999,120.799998,201461760,1944.911905,2974.420002,65.387938,2,402923520,157286400,False,24
1,torch,torch.nn.functional.rms_norm autograd,bwd,32768,1024,bfloat16,bfloat16,same,1e-06,True,,False,203.056,190.784007,239.315203,201461760,992.148766,2974.420002,33.356041,2,402923520,157286400,False,24
1,quack,quack.rmsnorm.rmsnorm_fwd (CuTe),fwd,32768,1024,bfloat16,float32,float32,1e-06,True,235.112194,False,60.255999,50.972801,71.283201,134221824,2227.526334,2974.420002,74.889435,2,268443648,157286400,False,24
1,torch,torch.nn.functional.rms_norm,fwd,32768,1024,bfloat16,float32,float32,1e-06,True,,False,555.056006,552.796823,558.054411,134221824,241.816722,2974.420002,8.129878,2,268443648,157286400,False,24
1,quack,quack.rmsnorm.rmsnorm_bwd (CuTe),bwd,32768,1024,bfloat16,float32,float32,1e-06,True,374.116483,False,102.623999,85.644802,119.670402,201465856,1963.145636,2974.420002,66.000956,2,402931712,157286400,False,24
1,torch,torch.nn.functional.rms_norm autograd,bwd,32768,1024,bfloat16,float32,float32,1e-06,True,,False,1357.455969,1346.223962,1380.000007,201465856,148.414284,2974.420002,4.989688,2,402931712,157286400,False,24
1,quack,quack.rmsnorm.rmsnorm_fwd (CuTe),fwd,32768,1024,float32,float32,same,1e-06,True,231.908781,False,103.904001,94.691198,114.380801,268439552,2583.534304,2974.420002,86.858423,2,536879104,157286400,False,24
1,torch,torch.nn.functional.rms_norm,fwd,32768,1024,float32,float32,same,1e-06,True,,False,99.119999,96.156802,103.6864,268439552,2708.227966,2974.420002,91.050624,2,536879104,157286400,False,24
1,quack,quack.rmsnorm.rmsnorm_bwd (CuTe),bwd,32768,1024,float32,float32,same,1e-06,True,372.45443,False,169.951998,154.172802,189.462402,402792448,2370.03656,2974.420002,79.680629,2,805584896,157286400,False,24
1,torch,torch.nn.functional.rms_norm autograd,bwd,32768,1024,float32,float32,same,1e-06,True,,False,291.968003,278.172803,303.763199,402792448,1379.577365,2974.420002,46.381391,2,805584896,157286400,False,24
1,quack,quack.rmsnorm.rmsnorm_fwd (CuTe),fwd,32768,2048,float16,float16,same,1e-06,True,256.364857,False,104.352001,95.251203,115.792,268439552,2572.442782,2974.420002,86.485526,2,536879104,157286400,False,24
1,torch,torch.nn.functional.rms_norm,fwd,32768,2048,float16,float16,same,1e-06,True,,False,104.368001,101.279996,108.985603,268439552,2572.048414,2974.420002,86.472267,2,536879104,157286400,False,24
1,quack,quack.rmsnorm.rmsnorm_bwd (CuTe),bwd,32768,2048,float16,float16,same,1e-06,True,392.060834,False,180.800006,164.134401,198.636797,402792448,2227.834265,2974.420002,74.899788,2,805584896,157286400,False,24
1,torch,torch.nn.functional.rms_norm autograd,bwd,32768,2048,float16,float16,same,1e-06,True,,False,295.071989,283.302411,312.064004,402792448,1365.06501,2974.420002,45.893485,2,805584896,157286400,False,24
1,quack,quack.rmsnorm.rmsnorm_fwd (CuTe),fwd,32768,2048,float16,float32,float32,1e-06,True,250.975889,False,106.447998,97.244803,117.555201,268443648,2521.828986,2974.420002,84.78389,2,536887296,157286400,False,24
1,torch,torch.nn.functional.rms_norm,fwd,32768,2048,float16,float32,float32,1e-06,True,,False,1069.216013,1064.451182,1073.260808,268443648,251.06587,2974.420002,8.440834,2,536887296,157286400,False,24
1,quack,quack.rmsnorm.rmsnorm_bwd (CuTe),bwd,32768,2048,float16,float32,float32,1e-06,True,393.702842,False,179.296002,163.433598,197.308797,402800640,2246.567888,2974.420002,75.529612,2,805601280,157286400,False,24
1,torch,torch.nn.functional.rms_norm autograd,bwd,32768,2048,float16,float32,float32,1e-06,True,,False,2589.12003,2574.396825,2661.072016,402800640,155.57434,2974.420002,5.230409,2,805601280,157286400,False,24
1,quack,quack.rmsnorm.rmsnorm_fwd (CuTe),fwd,32768,2048,bfloat16,bfloat16,same,1e-06,True,253.972053,False,104.352001,95.228802,114.4192,268439552,2572.442782,2974.420002,86.485526,2,536879104,157286400,False,24
1,torch,torch.nn.functional.rms_norm,fwd,32768,2048,bfloat16,bfloat16,same,1e-06,True,,False,104.416002,101.76,108.6624,268439552,2570.866035,2974.420002,86.432516,2,536879104,157286400,False,24
1,quack,quack.rmsnorm.rmsnorm_bwd (CuTe),bwd,32768,2048,bfloat16,bfloat16,same,1e-06,True,395.549356,False,182.512,165.996797,202.038401,402792448,2206.936791,2974.420002,74.197215,2,805584896,157286400,False,24
1,torch,torch.nn.functional.rms_norm autograd,bwd,32768,2048,bfloat16,bfloat16,same,1e-06,True,,False,289.471999,277.164787,331.449592,402792448,1391.472922,2974.420002,46.781319,2,805584896,157286400,False,24
1,quack,quack.rmsnorm.rmsnorm_fwd (CuTe),fwd,32768,2048,bfloat16,float32,float32,1e-06,True,250.096171,False,106.416002,97.107202,118.0384,268443648,2522.587235,2974.420002,84.809382,2,536887296,157286400,False,24
1,torch,torch.nn.functional.rms_norm,fwd,32768,2048,bfloat16,float32,float32,1e-06,True,,False,1070.848048,1066.569614,1075.888038,268443648,250.683231,2974.420002,8.42797,2,536887296,157286400,False,24
1,quack,quack.rmsnorm.rmsnorm_bwd (CuTe),bwd,32768,2048,bfloat16,float32,float32,1e-06,True,396.218298,False,178.304002,162.150398,196.435195,402800640,2259.066741,2974.420002,75.949823,2,805601280,157286400,False,24
1,torch,torch.nn.functional.rms_norm autograd,bwd,32768,2048,bfloat16,float32,float32,1e-06,True,,False,2593.263984,2578.652835,2620.601654,402800640,155.325737,2974.420002,5.222051,2,805601280,157286400,False,24
1,quack,quack.rmsnorm.rmsnorm_fwd (CuTe),fwd,32768,2048,float32,float32,same,1e-06,True,242.192008,False,199.376002,189.1104,215.5744,536879104,2692.79702,2974.420002,90.531835,2,1073758208,157286400,False,24
1,torch,torch.nn.functional.rms_norm,fwd,32768,2048,float32,float32,same,1e-06,True,,False,241.024002,234.643199,246.5664,536879104,2227.492277,2974.420002,74.88829,2,1073758208,157286400,False,24
1,quack,quack.rmsnorm.rmsnorm_bwd (CuTe),bwd,32768,2048,float32,float32,same,1e-06,True,388.00771,False,312.831998,297.791988,330.451208,805453824,2574.716875,2974.420002,86.561981,2,1610907648,157286400,False,24
1,torch,torch.nn.functional.rms_norm autograd,bwd,32768,2048,float32,float32,same,1e-06,True,,False,613.839984,598.630393,631.721598,805453824,1312.15601,2974.420002,44.114685,2,1610907648,157286400,False,24
1,quack,quack.rmsnorm.rmsnorm_fwd (CuTe),fwd,32768,4096,float16,float16,same,1e-06,True,1.258579,False,191.776,181.577599,202.083199,536879104,2799.511431,2974.420002,94.119574,2,1073758208,157286400,False,24
1,torch,torch.nn.functional.rms_norm,fwd,32768,4096,float16,float16,same,1e-06,True,,False,262.799993,256.64961,270.140803,536879104,2042.919018,2974.420002,68.682937,2,1073758208,157286400,False,24
1,quack,quack.rmsnorm.rmsnorm_bwd (CuTe),bwd,32768,4096,float16,float16,same,1e-06,True,444.639392,False,300.735995,283.375999,317.913607,805453824,2678.275421,2974.420002,90.043619,2,1610907648,157286400,False,24
1,torch,torch.nn.functional.rms_norm autograd,bwd,32768,4096,float16,float16,same,1e-06,True,,False,640.655994,621.21281,660.303992,805453824,1257.232947,2974.420002,42.268171,2,1610907648,157286400,False,24
1,quack,quack.rmsnorm.rmsnorm_fwd (CuTe),fwd,32768,4096,float16,float32,float32,1e-06,True,1.328829,False,190.575995,181.715201,202.9184,536887296,2817.182181,2974.420002,94.713664,2,1073774592,157286400,False,24
1,torch,torch.nn.functional.rms_norm,fwd,32768,4096,float16,float32,float32,1e-06,True,,False,2089.199901,2085.673594,2094.89913,536887296,256.982252,2974.420002,8.639743,2,1073774592,157286400,False,24
1,quack,quack.rmsnorm.rmsnorm_bwd (CuTe),bwd,32768,4096,float16,float32,float32,1e-06,True,460.335465,False,308.400005,292.579198,323.996788,805470208,2611.771059,2974.420002,87.807743,2,1610940416,157286400,False,24
1,torch,torch.nn.functional.rms_norm autograd,bwd,32768,4096,float16,float32,float32,1e-06,True,,False,5063.216209,5048.886395,5106.019068,805470208,159.08272,2974.420002,5.348361,2,1610940416,157286400,False,24
1,quack,quack.rmsnorm.rmsnorm_fwd (CuTe),fwd,32768,4096,bfloat16,bfloat16,same,1e-06,True,1.388031,False,210.832,182.720001,231.776007,536879104,2546.47826,2974.420002,85.612599,2,1073758208,157286400,False,24
1,torch,torch.nn.functional.rms_norm,fwd,32768,4096,bfloat16,bfloat16,same,1e-06,True,,False,264.992014,262.745607,271.875209,536879104,2026.019942,2974.420002,68.11479,2,1073758208,157286400,False,24
1,quack,quack.rmsnorm.rmsnorm_bwd (CuTe),bwd,32768,4096,bfloat16,bfloat16,same,1e-06,True,1.70471,False,302.096009,285.043192,319.164807,805453824,2666.218021,2974.420002,89.638249,2,1610907648,157286400,False,24
1,torch,torch.nn.functional.rms_norm autograd,bwd,32768,4096,bfloat16,bfloat16,same,1e-06,True,,False,653.360009,628.924817,671.452808,805453824,1232.787151,2974.420002,41.446304,2,1610907648,157286400,False,24
1,quack,quack.rmsnorm.rmsnorm_fwd (CuTe),fwd,32768,4096,bfloat16,float32,float32,1e-06,True,1.336279,False,190.431997,182.470396,202.028796,536887296,2819.312426,2974.420002,94.785283,2,1073774592,157286400,False,24
1,torch,torch.nn.functional.rms_norm,fwd,32768,4096,bfloat16,float32,float32,1e-06,True,,False,2093.119979,2086.755204,2099.689579,536887296,256.500966,2974.420002,8.623562,2,1073774592,157286400,False,24
1,quack,quack.rmsnorm.rmsnorm_bwd (CuTe),bwd,32768,4096,bfloat16,float32,float32,1e-06,True,447.712548,False,307.664007,291.455996,323.19361,805470208,2618.018975,2974.420002,88.017798,2,1610940416,157286400,False,24
1,torch,torch.nn.functional.rms_norm autograd,bwd,32768,4096,bfloat16,float32,float32,1e-06,True,,False,5064.896107,5050.265408,5136.326361,805470208,159.029957,2974.420002,5.346587,2,1610940416,157286400,False,24
1,quack,quack.rmsnorm.rmsnorm_fwd (CuTe),fwd,32768,4096,float32,float32,same,1e-06,True,1.618773,False,367.328003,357.593593,378.172809,1073758208,2923.159136,2974.420002,98.27661,2,2147516416,157286400,False,24
1,torch,torch.nn.functional.rms_norm,fwd,32768,4096,float32,float32,same,1e-06,True,,False,524.399996,521.788818,533.148819,1073758208,2047.593853,2974.420002,68.840105,2,2147516416,157286400,False,24
1,quack,quack.rmsnorm.rmsnorm_bwd (CuTe),bwd,32768,4096,float32,float32,same,1e-06,True,437.703232,False,572.032005,553.740811,592.345595,1610776576,2815.88541,2974.420002,94.670067,2,3221553152,157286400,False,24
1,torch,torch.nn.functional.rms_norm autograd,bwd,32768,4096,float32,float32,same,1e-06,True,,False,1229.312003,1215.09124,1264.416027,1610776576,1310.307369,2974.420002,44.052534,2,3221553152,157286400,False,24
1,quack,quack.rmsnorm.rmsnorm_fwd (CuTe),fwd,32768,8192,float16,float16,same,1e-06,True,251.217936,False,367.024004,357.54559,377.491203,1073758208,2925.58033,2974.420002,98.35801,2,2147516416,157286400,False,24
1,torch,torch.nn.functional.rms_norm,fwd,32768,8192,float16,float16,same,1e-06,True,,False,539.472014,535.513598,542.854387,1073758208,1990.387232,2974.420002,66.916818,2,2147516416,157286400,False,24
1,quack,quack.rmsnorm.rmsnorm_bwd (CuTe),bwd,32768,8192,float16,float16,same,1e-06,True,445.028932,False,602.111995,581.51359,623.580807,1610776576,2675.210906,2974.420002,89.94059,2,3221553152,157286400,False,24
1,torch,torch.nn.functional.rms_norm autograd,bwd,32768,8192,float16,float16,same,1e-06,True,,False,1383.855999,1369.12961,1399.702442,1610776576,1163.977016,2974.420002,39.132907,2,3221553152,157286400,False,24
1,quack,quack.rmsnorm.rmsnorm_fwd (CuTe),fwd,32768,8192,float16,float32,float32,1e-06,True,250.396879,False,366.015986,355.824006,376.623994,1073774592,2933.682228,2974.420002,98.630396,2,2147549184,157286400,False,24
1,torch,torch.nn.functional.rms_norm,fwd,32768,8192,float16,float32,float32,1e-06,True,,False,4118.927956,4114.636612,4125.11363,1073774592,260.692735,2974.420002,8.76449,2,2147549184,157286400,False,24
1,quack,quack.rmsnorm.rmsnorm_bwd (CuTe),bwd,32768,8192,float16,float32,float32,1e-06,True,450.8212,False,585.072011,567.094421,603.711987,1610809344,2753.181342,2974.420002,92.561956,2,3221618688,157286400,False,24
1,torch,torch.nn.functional.rms_norm autograd,bwd,32768,8192,float16,float32,float32,1e-06,True,,False,10017.872334,9986.598492,10117.516708,1610809344,160.793559,2974.420002,5.405879,2,3221618688,157286400,False,24
1,quack,quack.rmsnorm.rmsnorm_fwd (CuTe),fwd,32768,8192,bfloat16,bfloat16,same,1e-06,True,256.258941,False,367.456004,357.257602,377.625597,1073758208,2922.140872,2974.420002,98.242376,2,2147516416,157286400,False,24
1,torch,torch.nn.functional.rms_norm,fwd,32768,8192,bfloat16,bfloat16,same,1e-06,True,,False,539.74399,535.046405,544.566387,1073758208,1989.384279,2974.420002,66.883099,2,2147516416,157286400,False,24
1,quack,quack.rmsnorm.rmsnorm_bwd (CuTe),bwd,32768,8192,bfloat16,bfloat16,same,1e-06,True,438.807533,False,602.319986,584.390408,620.51838,1610776576,2674.287114,2974.420002,89.909532,2,3221553152,157286400,False,24
1,torch,torch.nn.functional.rms_norm autograd,bwd,32768,8192,bfloat16,bfloat16,same,1e-06,True,,False,1380.223989,1365.087986,1398.81922,1610776576,1167.039979,2974.420002,39.235884,2,3221553152,157286400,False,24
1,quack,quack.rmsnorm.rmsnorm_fwd (CuTe),fwd,32768,8192,bfloat16,float32,float32,1e-06,True,252.04988,False,367.504001,357.129604,378.671992,1073774592,2921.803817,2974.420002,98.231044,2,2147549184,157286400,False,24
1,torch,torch.nn.functional.rms_norm,fwd,32768,8192,bfloat16,float32,float32,1e-06,True,,False,4127.840042,4124.537706,4131.929541,1073774592,260.129894,2974.420002,8.745567,2,2147549184,157286400,False,24
1,quack,quack.rmsnorm.rmsnorm_bwd (CuTe),bwd,32768,8192,bfloat16,float32,float32,1e-06,True,444.476981,False,604.543984,585.257596,621.587211,1610809344,2664.503141,2974.420002,89.580595,2,3221618688,157286400,False,24
1,torch,torch.nn.functional.rms_norm autograd,bwd,32768,8192,bfloat16,float32,float32,1e-06,True,,False,10017.151833,9997.769833,10068.931103,1610809344,160.805124,2974.420002,5.406268,2,3221618688,157286400,False,24
1,quack,quack.rmsnorm.rmsnorm_fwd (CuTe),fwd,32768,8192,float32,float32,same,1e-06,True,245.51627,False,719.792008,710.396785,730.051202,2147516416,2983.523561,2974.420002,100.306062,2,4295032832,157286400,False,24
1,torch,torch.nn.functional.rms_norm,fwd,32768,8192,float32,float32,same,1e-06,True,,False,1067.984045,1063.075149,1071.907222,2147516416,2010.813202,2974.420002,67.60354,2,4295032832,157286400,False,24
1,quack,quack.rmsnorm.rmsnorm_bwd (CuTe),bwd,32768,8192,float32,float32,same,1e-06,True,449.047805,False,1116.655946,1097.372794,1135.872006,3221422080,2884.883291,2974.420002,96.989776,2,6442844160,157286400,False,24
1,torch,torch.nn.functional.rms_norm autograd,bwd,32768,8192,float32,float32,same,1e-06,True,,False,2469.327927,2447.590423,2544.761539,3221422080,1304.574433,2974.420002,43.859792,2,6442844160,157286400,False,24
